{"is_source_file": true, "format": "JavaScript", "description": "This is a test setup file for configuring custom Jest matchers provided by '@testing-library/jest-dom' to improve assertions on DOM nodes during testing in a React project.", "external_files": ["@testing-library/jest-dom"], "external_methods": ["expect", "toHaveTextContent"], "published": [], "classes": [], "methods": [], "calls": ["import '@testing-library/jest-dom'"], "search-terms": ["setupTests.js", "jest-dom", "testing-library", "React testing setup"], "state": 2, "file_id": 10, "knowledge_revision": 25, "git_revision": "0ba2a4856f9c5030c9167c4387cddb1835a020c7", "ctags": [], "hash": "1a77571e1a8cf36018a41bcedf60db75", "format-version": 4, "code-base-name": "chatbot_frontend", "filename": "chatbot_frontend/src/setupTests.js", "revision_history": [{"25": "0ba2a4856f9c5030c9167c4387cddb1835a020c7"}]}