{"is_source_file": true, "format": "JavaScript Module (ESM)", "description": "ESLint configuration file, defining linting rules, plugin integrations, and environment settings for a JavaScript/React project.", "external_files": ["@eslint/js", "eslint-plugin-react"], "external_methods": ["pluginJs", "pluginReact", "pluginJs.configs.recommended"], "published": [], "classes": [], "methods": [{"name": "default", "description": "Exports an array of ESLint configuration objects for specifying linting rules, environments, plugins, and parser options."}], "calls": ["pluginJs", "pluginReact", "pluginJs.configs.recommended"], "search-terms": ["eslint", "eslint.config", "plugins", "rules", "globals", "jsx", "react", "parserOptions", "ecmaVersion"], "state": 2, "file_id": 5, "knowledge_revision": 20, "git_revision": "0ba2a4856f9c5030c9167c4387cddb1835a020c7", "hash": "be6538e7523bc2e9da0743133d784136", "format-version": 4, "code-base-name": "chatbot_frontend", "filename": "chatbot_frontend/eslint.config.mjs", "revision_history": [{"20": "0ba2a4856f9c5030c9167c4387cddb1835a020c7"}]}