{"is_source_file": false, "format": "", "description": "", "external_files": [], "external_methods": [], "published": [], "classes": [], "methods": [], "calls": [], "search-terms": [], "state": 2, "file_id": 4, "knowledge_revision": 14, "git_revision": "0ba2a4856f9c5030c9167c4387cddb1835a020c7", "hash": "ebece526bc2eadd78ddd787a76c56607", "format-version": 4, "code-base-name": "chatbot_frontend", "filename": "chatbot_frontend/README.md", "revision_history": [{"14": "0ba2a4856f9c5030c9167c4387cddb1835a020c7"}]}