{"is_source_file": false, "format": "", "description": "", "external_files": [], "external_methods": [], "published": [], "classes": [], "methods": [], "calls": [], "search-terms": [], "state": 2, "file_id": 12, "knowledge_revision": 19, "git_revision": "0ba2a4856f9c5030c9167c4387cddb1835a020c7", "hash": "d001d53c059625c4bcf75bf5a7f3fcf0", "format-version": 4, "code-base-name": "chatbot_frontend", "filename": "chatbot_frontend/package.json", "revision_history": [{"19": "0ba2a4856f9c5030c9167c4387cddb1835a020c7"}]}