{"is_source_file": false, "format": "", "description": "", "external_files": [], "external_methods": [], "published": [], "classes": [], "methods": [], "calls": [], "search-terms": [], "state": 2, "file_id": 3, "knowledge_revision": 22, "git_revision": "0ba2a4856f9c5030c9167c4387cddb1835a020c7", "hash": "d2b40d02d5f7873d8a6713bad837edd4", "format-version": 4, "code-base-name": "chatbot_frontend", "filename": "chatbot_frontend/public/index.html", "revision_history": [{"22": "0ba2a4856f9c5030c9167c4387cddb1835a020c7"}]}