{"is_source_file": false, "format": "", "description": "", "external_files": [], "external_methods": [], "published": [], "classes": [], "methods": [], "calls": [], "search-terms": [], "state": 2, "file_id": 11, "knowledge_revision": 16, "git_revision": "0ba2a4856f9c5030c9167c4387cddb1835a020c7", "hash": "6c2104b8d219ed99234ae2d6329f4357", "format-version": 4, "code-base-name": "chatbot_frontend", "filename": "chatbot_frontend/src/index.css", "revision_history": [{"16": "0ba2a4856f9c5030c9167c4387cddb1835a020c7"}]}