{"is_source_file": false, "format": "", "description": "", "external_files": [], "external_methods": [], "published": [], "classes": [], "methods": [], "calls": [], "search-terms": [], "state": 2, "file_id": 7, "knowledge_revision": 17, "git_revision": "0ba2a4856f9c5030c9167c4387cddb1835a020c7", "hash": "22f9e17cc1848b56dbb244518ac2707e", "format-version": 4, "code-base-name": "chatbot_frontend", "filename": "chatbot_frontend/src/App.css", "revision_history": [{"17": "0ba2a4856f9c5030c9167c4387cddb1835a020c7"}]}