{"is_source_file": false, "format": "", "description": "", "external_files": [], "external_methods": [], "published": [], "classes": [], "methods": [], "calls": [], "search-terms": [], "state": 2, "file_id": 7, "knowledge_revision": 26, "git_revision": "0ba2a4856f9c5030c9167c4387cddb1835a020c7", "hash": "d0ac5208c45698e80641ac7ad88aab20", "format-version": 4, "code-base-name": "chatbot_frontend", "filename": "chatbot_frontend/src/App.css", "revision_history": [{"26": "0ba2a4856f9c5030c9167c4387cddb1835a020c7"}]}