{"is_source_file": true, "format": "JavaScript (React JSX)", "description": "This file defines a React component-based frontend chat interface. It includes components for message bubbles, input bar, chat window, and the main App component that renders the chat UI.", "external_files": ["./App.css"], "external_methods": [], "published": ["App"], "classes": [], "methods": ["generateId", "MessageBubble", "ChatInputBar", "ChatWindow"], "calls": ["React.useEffect", "React.useMemo", "React.useRef", "React.useState", "Math.min", "Date.now", "scrollIntoView"], "search-terms": ["React chat interface", "MessageBubble component", "ChatInputBar component", "ChatWindow component", "App.js React", "client-only demo bot", "scroll to bottom"], "state": 2, "file_id": 6, "knowledge_revision": 21, "git_revision": "0ba2a4856f9c5030c9167c4387cddb1835a020c7", "revision_history": [{"21": "0ba2a4856f9c5030c9167c4387cddb1835a020c7"}], "ctags": [{"_type": "tag", "name": "1", "path": "/home/kavia/workspace/code-generation/frontend-chatbot-interface-200880-200889/chatbot_frontend/src/App.js", "pattern": "/^        rows={1}$/", "language": "JavaScript", "kind": "field", "scope": "ChatInputBar.rows", "scopeKind": "class"}, {"_type": "tag", "name": "App", "path": "/home/kavia/workspace/code-generation/frontend-chatbot-interface-200880-200889/chatbot_frontend/src/App.js", "pattern": "/^function App() {$/", "language": "JavaScript", "kind": "function", "signature": "()"}, {"_type": "tag", "name": "ChatInputBar", "path": "/home/kavia/workspace/code-generation/frontend-chatbot-interface-200880-200889/chatbot_frontend/src/App.js", "pattern": "/^function ChatInputBar({ value, onChange, onSend, disabled }) {$/", "language": "JavaScript", "kind": "function", "signature": "({ value, onChange, onSend, disabled })"}, {"_type": "tag", "name": "ChatWindow", "path": "/home/kavia/workspace/code-generation/frontend-chatbot-interface-200880-200889/chatbot_frontend/src/App.js", "pattern": "/^function ChatWindow() {$/", "language": "JavaScript", "kind": "function", "signature": "()"}, {"_type": "tag", "name": "MessageBubble", "path": "/home/kavia/workspace/code-generation/frontend-chatbot-interface-200880-200889/chatbot_frontend/src/App.js", "pattern": "/^function MessageBubble({ message }) {$/", "language": "JavaScript", "kind": "function", "signature": "({ message })"}, {"_type": "tag", "name": "appendUserMessage", "path": "/home/kavia/workspace/code-generation/frontend-chatbot-interface-200880-200889/chatbot_frontend/src/App.js", "pattern": "/^        onSend={appendUserMessage}$/", "language": "JavaScript", "kind": "field", "scope": "ChatWindow.onSend", "scopeKind": "class"}, {"_type": "tag", "name": "draft", "path": "/home/kavia/workspace/code-generation/frontend-chatbot-interface-200880-200889/chatbot_frontend/src/App.js", "pattern": "/^        value={draft}$/", "language": "JavaScript", "kind": "field", "scope": "ChatWindow.value", "scopeKind": "class"}, {"_type": "tag", "name": "generateId", "path": "/home/kavia/workspace/code-generation/frontend-chatbot-interface-200880-200889/chatbot_frontend/src/App.js", "pattern": "/^function generateId() {$/", "language": "JavaScript", "kind": "function", "signature": "()"}, {"_type": "tag", "name": "id", "path": "/home/kavia/workspace/code-generation/frontend-chatbot-interface-200880-200889/chatbot_frontend/src/App.js", "pattern": "/^      id: generateId(),$/", "language": "JavaScript", "kind": "property", "scope": "ChatWindow.next", "scopeKind": "class"}, {"_type": "tag", "name": "isUser", "path": "/home/kavia/workspace/code-generation/frontend-chatbot-interface-200880-200889/chatbot_frontend/src/App.js", "pattern": "/^        aria-label={isUser ? \"User message\" : \"Bot message\"}$/", "language": "JavaScript", "kind": "field", "scope": "MessageBubble.aria", "scopeKind": "class"}, {"_type": "tag", "name": "messageBubble ${ isUser ? \"messageBubbleUser\" : \"messageBubbleBot\" }", "path": "/home/kavia/workspace/code-generation/frontend-chatbot-interface-200880-200889/chatbot_frontend/src/App.js", "pattern": "/^        }`}$/", "language": "JavaScript", "kind": "field", "scope": "MessageBubble.className", "scopeKind": "class"}, {"_type": "tag", "name": "messageRow ${isUser ? \"messageRowUser\" : \"messageRowBot\"}", "path": "/home/kavia/workspace/code-generation/frontend-chatbot-interface-200880-200889/chatbot_frontend/src/App.js", "pattern": "/^    <div className={`messageRow ${isUser ? \"messageRowUser\" : \"messageRowBot\"}`}>$/", "language": "JavaScript", "kind": "field", "scope": "MessageBubble.AnonymousClass672821840101", "scopeKind": "class"}, {"_type": "tag", "name": "next", "path": "/home/kavia/workspace/code-generation/frontend-chatbot-interface-200880-200889/chatbot_frontend/src/App.js", "pattern": "/^    const next = {$/", "language": "JavaScript", "kind": "class", "scope": "ChatWindow", "scopeKind": "class"}, {"_type": "tag", "name": "sendDisabled", "path": "/home/kavia/workspace/code-generation/frontend-chatbot-interface-200880-200889/chatbot_frontend/src/App.js", "pattern": "/^        disabled={sendDisabled}$/", "language": "JavaScript", "kind": "field", "scope": "ChatWindow.disabled", "scopeKind": "class"}, {"_type": "tag", "name": "sender", "path": "/home/kavia/workspace/code-generation/frontend-chatbot-interface-200880-200889/chatbot_frontend/src/App.js", "pattern": "/^      sender: \"user\",$/", "language": "JavaScript", "kind": "property", "scope": "ChatWindow.next", "scopeKind": "class"}, {"_type": "tag", "name": "setDraft", "path": "/home/kavia/workspace/code-generation/frontend-chatbot-interface-200880-200889/chatbot_frontend/src/App.js", "pattern": "/^        onChange={setDraft}$/", "language": "JavaScript", "kind": "field", "scope": "ChatWindow.onChange", "scopeKind": "class"}, {"_type": "tag", "name": "text", "path": "/home/kavia/workspace/code-generation/frontend-chatbot-interface-200880-200889/chatbot_frontend/src/App.js", "pattern": "/^      text,$/", "language": "JavaScript", "kind": "field", "scope": "ChatWindow.next", "scopeKind": "class"}, {"_type": "tag", "name": "textareaRef", "path": "/home/kavia/workspace/code-generation/frontend-chatbot-interface-200880-200889/chatbot_frontend/src/App.js", "pattern": "/^        ref={textareaRef}$/", "language": "JavaScript", "kind": "field", "scope": "ChatInputBar.ref", "scopeKind": "class"}, {"_type": "tag", "name": "value", "path": "/home/kavia/workspace/code-generation/frontend-chatbot-interface-200880-200889/chatbot_frontend/src/App.js", "pattern": "/^        value={value}$/", "language": "JavaScript", "kind": "field", "scope": "ChatInputBar.value", "scopeKind": "class"}], "hash": "50801cd8eff6b68a58faa21d851b5e62", "format-version": 4, "code-base-name": "chatbot_frontend", "filename": "chatbot_frontend/src/App.js", "fields": [{"name": "rows={1}", "scope": "ChatInputBar.rows", "scopeKind": "class", "description": "unavailable"}]}