{"is_source_file": true, "format": "JavaScript", "description": "The file is a JavaScript source file acting as the entry point for a React web application. It initializes the app by rendering the main App component within a React.StrictMode component into the DOM.", "external_files": ["./index.css", "./App"], "external_methods": ["ReactDOM.createRoot", "root.render"], "published": [], "classes": [], "methods": [{"name": "ReactDOM.createRoot", "description": "Creates a React root for rendering a React component tree into a DOM element."}, {"name": "root.render", "description": "Renders the React component tree into the DOM."}], "calls": ["ReactDOM.createRoot", "root.render", "document.getElementById"], "search-terms": ["index.js", "React", "ReactDOM", "StrictMode", "App component", "React rendering"], "state": 2, "file_id": 8, "knowledge_revision": 23, "git_revision": "0ba2a4856f9c5030c9167c4387cddb1835a020c7", "ctags": [{"_type": "tag", "name": "root", "path": "/home/kavia/workspace/code-generation/frontend-chatbot-interface-200880-200889/chatbot_frontend/src/index.js", "pattern": "/^const root = ReactDOM.createRoot(document.getElementById('root'));$/", "language": "JavaScript", "kind": "constant"}], "hash": "9fc5841375336fc175b49f8767a11383", "format-version": 4, "code-base-name": "chatbot_frontend", "filename": "chatbot_frontend/src/index.js", "revision_history": [{"23": "0ba2a4856f9c5030c9167c4387cddb1835a020c7"}]}