{"is_source_file": true, "format": "JavaScript (React JSX)", "description": "This file defines a React functional component 'App' that manages a theme toggle between light and dark modes. It includes UI elements like a button, logo, and links, and applies theme changes to the document.", "external_files": ["./logo.svg", "./App.css"], "external_methods": ["React.useState", "React.useEffect"], "published": ["App"], "classes": [], "methods": [{"name": "App()", "description": "React functional component that renders the main application UI with theme toggle functionality.", "scope": "", "scopeKind": ""}, {"name": "toggleTheme", "description": "Function that switches theme state between 'light' and 'dark'."}], "calls": ["React.useState", "React.useEffect", "document.documentElement.setAttribute", "setTheme", "prevTheme => prevTheme === 'light' ? 'dark' : 'light'"], "search-terms": ["React functional component", "theme toggle", "useState", "useEffect", "App.js React", "App.css", "logo.svg", "dark/light mode toggle"], "state": 2, "file_id": 6, "knowledge_revision": 21, "git_revision": "0ba2a4856f9c5030c9167c4387cddb1835a020c7", "ctags": [{"_type": "tag", "name": "App", "path": "/home/kavia/workspace/code-generation/frontend-chatbot-interface-200880-200889/chatbot_frontend/src/App.js", "pattern": "/^function App() {$/", "language": "JavaScript", "kind": "function", "signature": "()"}, {"_type": "tag", "name": "Switch to ${theme === 'light' ? 'dark' : 'light'} mode", "path": "/home/kavia/workspace/code-generation/frontend-chatbot-interface-200880-200889/chatbot_frontend/src/App.js", "pattern": "/^          aria-label={`Switch to ${theme === 'light' ? 'dark' : 'light'} mode`}$/", "language": "JavaScript", "kind": "field", "scope": "App.aria", "scopeKind": "class"}, {"_type": "tag", "name": "toggleTheme", "path": "/home/kavia/workspace/code-generation/frontend-chatbot-interface-200880-200889/chatbot_frontend/src/App.js", "pattern": "/^          onClick={toggleTheme}$/", "language": "JavaScript", "kind": "field", "scope": "App.onClick", "scopeKind": "class"}], "hash": "b55dd9e6a018e59207d8e277dffd9e11", "format-version": 4, "code-base-name": "chatbot_frontend", "filename": "chatbot_frontend/src/App.js", "fields": [{"name": "aria-label={`Switch to ${theme === 'light' ? 'dark' : 'light'} mode`}", "scope": "App.aria", "scopeKind": "class", "description": "unavailable"}, {"name": "onClick={toggleTheme}", "scope": "App.onClick", "scopeKind": "class", "description": "unavailable"}], "revision_history": [{"21": "0ba2a4856f9c5030c9167c4387cddb1835a020c7"}]}