{"is_source_file": false, "format": "", "description": "", "external_files": [], "external_methods": [], "published": [], "classes": [], "methods": [], "calls": [], "search-terms": [], "state": 2, "file_id": 2, "knowledge_revision": 18, "git_revision": "0ba2a4856f9c5030c9167c4387cddb1835a020c7", "hash": "d9d975cebe2ec20b6c652e1e4c12ccf0", "format-version": 4, "code-base-name": "chatbot_frontend", "filename": "chatbot_frontend/public/manifest.json", "revision_history": [{"18": "0ba2a4856f9c5030c9167c4387cddb1835a020c7"}]}